category,recall
DoS,0.8733243967828418
Probe,0.7298636926889716
R2L,0.0634315424610052
U2R,0.19402985074626866
